run,heuristic_name,found,path_cost,nodes_expanded,time_ms
0,Manhattan,1,27.0,87,0.17350001144222915
0,Euclidean,1,27.0,129,0.19660001271404326
0,Chebyshev,1,27.0,179,0.27099999715574086
1,Manhattan,1,23.0,51,0.07829998503439128
1,Euclidean,1,23.0,51,0.08090000483207405
1,Chebyshev,1,23.0,61,0.08960001287050545
2,Manhattan,1,52.0,539,1.1591000074986368
2,Euclidean,1,52.0,677,0.734600005671382
2,Chebyshev,1,52.0,738,0.8794000023044646
3,Manhattan,1,4.0,9,0.018499995348975062
3,Euclidean,1,4.0,9,0.01780001912266016
3,Chebyshev,1,4.0,11,0.01990000600926578
4,Manhattan,1,52.0,499,0.5615999980363995
4,Euclidean,1,52.0,638,0.6915999983903021
4,Chebyshev,1,52.0,680,0.7856000156607479
5,Manhattan,1,16.0,43,0.061700004152953625
5,Euclidean,1,16.0,56,0.06969997775740921
5,Chebyshev,1,16.0,70,0.09250000584870577
6,Manhattan,1,49.0,407,0.5005999992135912
6,Euclidean,1,49.0,647,0.7611000037286431
6,Chebyshev,1,49.0,781,0.9476999985054135
7,Manhattan,1,18.0,54,0.07080001523718238
7,Euclidean,1,18.0,71,0.08680002065375447
7,Chebyshev,1,18.0,79,0.1016999885905534
8,Manhattan,1,36.0,192,0.21680002100765705
8,Euclidean,1,36.0,257,0.29039999935775995
8,Chebyshev,1,36.0,307,0.371600006474182
9,Manhattan,1,40.0,277,0.32469999860040843
9,Euclidean,1,40.0,405,0.49199999193660915
9,Chebyshev,1,40.0,471,0.5682000191882253
10,Manhattan,1,55.0,518,0.5997999978717417
10,Euclidean,1,55.0,739,0.8124999876599759
10,Chebyshev,1,55.0,776,0.9239999926649034
11,Manhattan,1,21.0,45,0.06319998647086322
11,Euclidean,1,21.0,75,0.09270000737160444
11,Chebyshev,1,21.0,123,0.15180002083070576
12,Manhattan,1,32.0,155,0.1807000080589205
12,Euclidean,1,32.0,261,0.29399999766610563
12,Chebyshev,1,32.0,316,0.38180002593435347
13,Manhattan,1,14.0,41,0.05810000584460795
13,Euclidean,1,14.0,53,0.06719998782500625
13,Chebyshev,1,14.0,71,0.09399998816661537
14,Manhattan,1,56.0,435,0.5741999775636941
14,Euclidean,1,56.0,713,0.822000001790002
14,Chebyshev,1,56.0,769,0.9103000047616661
15,Manhattan,1,26.0,113,0.1370000245515257
15,Euclidean,1,26.0,185,0.2108000044245273
15,Chebyshev,1,26.0,210,0.25400001322850585
16,Manhattan,1,7.0,12,0.022100022761151195
16,Euclidean,1,7.0,12,0.0219999928958714
16,Chebyshev,1,7.0,16,0.027300004148855805
17,Manhattan,1,26.0,149,0.17630000365898013
17,Euclidean,1,26.0,184,0.20670000230893493
17,Chebyshev,1,26.0,233,0.2820999943651259
18,Manhattan,1,35.0,165,0.1970000157598406
18,Euclidean,1,35.0,307,0.3454000107012689
18,Chebyshev,1,35.0,376,0.45419999514706433
19,Manhattan,1,27.0,70,0.09050001972354949
19,Euclidean,1,27.0,131,0.15219999477267265
19,Chebyshev,1,27.0,167,0.2148000057786703
20,Manhattan,1,21.0,61,0.07770000956952572
20,Euclidean,1,21.0,100,0.11419999646022916
20,Chebyshev,1,21.0,127,0.16060000052675605
21,Manhattan,1,20.0,96,0.11529997573234141
21,Euclidean,1,20.0,118,0.13470000703819096
21,Chebyshev,1,20.0,132,0.1720000000204891
22,Manhattan,1,10.0,18,0.026299996534362435
22,Euclidean,1,10.0,20,0.028000009479001164
22,Chebyshev,1,10.0,24,0.03360002301633358
23,Manhattan,1,48.0,220,0.24620001204311848
23,Euclidean,1,48.0,263,0.29329999233596027
23,Chebyshev,1,48.0,322,0.3831000067293644
24,Manhattan,1,17.0,38,0.0557999883312732
24,Euclidean,1,17.0,59,0.072900002123788
24,Chebyshev,1,17.0,80,0.10569998994469643
25,Manhattan,1,43.0,320,0.36020000698044896
25,Euclidean,1,43.0,351,0.37960000918246806
25,Chebyshev,1,43.0,385,0.44559998787008226
26,Manhattan,1,27.0,107,0.13530001160688698
26,Euclidean,1,27.0,162,0.18500001169741154
26,Chebyshev,1,27.0,212,0.2625000197440386
27,Manhattan,1,21.0,43,0.05729999975301325
27,Euclidean,1,21.0,98,0.1194999786093831
27,Chebyshev,1,21.0,133,0.16540000797249377
28,Manhattan,1,14.0,43,0.06120000034570694
28,Euclidean,1,14.0,47,0.060200021835044026
28,Chebyshev,1,14.0,64,0.08609998621977866
29,Manhattan,1,17.0,43,0.0604000233579427
29,Euclidean,1,17.0,53,0.06340001709759235
29,Chebyshev,1,17.0,57,0.07239999831654131
30,Manhattan,1,20.0,104,0.1275000104214996
30,Euclidean,1,20.0,126,0.14670001110062003
30,Chebyshev,1,20.0,156,0.19500000053085387
31,Manhattan,1,19.0,50,0.06360001862049103
31,Euclidean,1,19.0,67,0.08080000407062471
31,Chebyshev,1,19.0,91,0.12060001608915627
32,Manhattan,1,40.0,137,0.17240000306628644
32,Euclidean,1,40.0,240,0.27730001602321863
32,Chebyshev,1,40.0,308,0.3850999928545207
33,Manhattan,1,18.0,95,0.11359999189153314
33,Euclidean,1,18.0,110,0.1294999965466559
33,Chebyshev,1,18.0,135,0.1750999945215881
34,Manhattan,1,32.0,119,0.14719998580403626
34,Euclidean,1,32.0,242,0.2725999802350998
34,Chebyshev,1,32.0,310,0.37949997931718826
35,Manhattan,1,27.0,109,0.12879999121651053
35,Euclidean,1,27.0,189,0.21589998505078256
35,Chebyshev,1,27.0,239,0.2901999978348613
36,Manhattan,1,37.0,205,0.24880000273697078
36,Euclidean,1,37.0,330,0.3606999816838652
36,Chebyshev,1,37.0,391,0.4665000014938414
37,Manhattan,1,6.0,10,0.02039998071268201
37,Euclidean,1,6.0,10,0.018999999156221747
37,Chebyshev,1,6.0,13,0.023800006601959467
38,Manhattan,1,23.0,91,0.10959999053739011
38,Euclidean,1,23.0,125,0.14379998901858926
38,Chebyshev,1,23.0,156,0.1984999980777502
39,Manhattan,1,25.0,81,0.09839999256655574
39,Euclidean,1,25.0,121,0.1446999958716333
39,Chebyshev,1,25.0,168,0.21249998826533556
40,Manhattan,1,45.0,295,0.34929998219013214
40,Euclidean,1,45.0,508,0.5642999894917011
40,Chebyshev,1,45.0,620,0.7520999934058636
41,Manhattan,1,16.0,54,0.0706000137142837
41,Euclidean,1,16.0,67,0.08090000483207405
41,Chebyshev,1,16.0,82,0.10730000212788582
42,Manhattan,1,48.0,303,0.3555000002961606
42,Euclidean,1,48.0,546,0.5943999858573079
42,Chebyshev,1,48.0,676,0.8218000002671033
43,Manhattan,1,16.0,63,0.08060000254772604
43,Euclidean,1,16.0,81,0.1016999885905534
43,Chebyshev,1,16.0,98,0.12479998986236751
44,Manhattan,1,34.0,177,0.2114000089932233
44,Euclidean,1,34.0,236,0.2624999906402081
44,Chebyshev,1,34.0,249,0.29949998133815825
45,Manhattan,1,15.0,37,0.05119998240843415
45,Euclidean,1,15.0,52,0.066100008552894
45,Chebyshev,1,15.0,70,0.09349998435936868
46,Manhattan,1,48.0,310,0.3758999810088426
46,Euclidean,1,48.0,514,0.5603000172413886
46,Chebyshev,1,48.0,661,0.8456000068690628
47,Manhattan,1,42.0,243,0.2846000134013593
47,Euclidean,1,42.0,425,0.4707000043708831
47,Chebyshev,1,42.0,494,0.5887000006623566
48,Manhattan,1,36.0,132,0.15199999324977398
48,Euclidean,1,36.0,194,0.22190000163391232
48,Chebyshev,1,36.0,240,0.29230001382529736
49,Manhattan,1,30.0,68,0.08830000297166407
49,Euclidean,1,30.0,132,0.16259998665191233
49,Chebyshev,1,30.0,196,0.24780002422630787
